"","Estimate","Std. Error","t value","Pr(>|t|)"
"(Intercept)",3.49733213738268,0.0137390878290594,254.553444951819,0
"distance_km",2.33370067027012,0.00281476268715413,829.093223709601,0
