term,estimate,std.error,statistic,p.value,conf.low,conf.high,Significancia
Intercepto (β₀),1.8161161987293928,0.0010945058834202538,1659.3023630482073,0,1.8139709931202557,1.81826140433853,Extremadamente Significativo
log(distance_km),0.4917385042174308,8.862217701715922e-4,554.8707115626593,0,0.4900015305372432,0.4934754778976184,Extremadamente Significativo
